m,n,k,elapsed1,elapsed2,GFLOPS
2000,2000,2000,0.019433438,0.019433,823.323181
2500,2500,2500,0.025761500,0.025761,1213.050482
3000,3000,3000,0.035700940,0.035701,1512.565215
3500,3500,3500,0.049925218,0.049925,1717.568865
4000,4000,4000,0.063543976,0.063544,2014.353021
4500,4500,4500,0.083860741,0.083861,2173.245762
5000,5000,5000,0.102513879,0.102514,2438.694179
5500,5500,5500,0.133350720,0.133351,2495.299613
6000,6000,6000,0.202398046,0.202398,2134.407958
6500,6500,6500,0.289546376,0.289546,1896.932739
7000,7000,7000,0.435347804,0.435348,1575.751603
7500,7500,7500,0.548993754,0.548994,1536.902731
8000,8000,8000,0.698287951,0.698288,1466.443748
8500,8500,8500,0.829262326,0.829262,1481.135657
9000,9000,9000,0.983825716,0.983826,1481.969800
9500,9500,9500,1.140725161,1.140725,1503.210465
10000,10000,10000,1.317202299,1.317202,1518.369655
10500,10500,10500,1.464356749,1.464357,1581.069641
11000,11000,11000,1.636238860,1.636239,1626.901833
11500,11500,11500,1.879753361,1.879753,1618.164416
12000,12000,12000,2.093026502,2.093027,1651.197439
12500,12500,12500,2.307887660,2.307888,1692.565053
13000,13000,13000,2.354940119,2.354940,1865.864853
13500,13500,13500,2.761423044,2.761423,1781.961663
14000,14000,14000,3.091527197,3.091527,1775.174420
14500,14500,14500,2.942569646,2.942570,2072.083496
15000,15000,15000,3.672303252,3.672303,1838.083496
15500,15500,15500,3.945784898,3.945785,1887.520530
16000,16000,16000,4.996392555,4.996393,1639.582941
16500,16500,16500,5.340148397,5.340148,1682.397067
17000,17000,17000,4.221343147,4.221343,2327.695157
17500,17500,17500,6.207278938,6.207279,1726.803340
18000,18000,18000,5.644891651,5.644892,2066.292982
18500,18500,18500,5.197981786,5.197982,2436.185912
19000,19000,19000,7.462902893,7.462903,1838.158716
19500,19500,19500,7.784876694,7.784877,1904.943467
20000,20000,20000,7.308239335,7.308239,2189.309800
20500,20500,20500,9.500495958,9.500496,1813.615844
21000,21000,21000,10.437096340,10.437096,1774.631506
21500,21500,21500,10.739422287,10.739422,1850.821159
22000,22000,22000,14.673830267,14.673830,1451.291150
22500,22500,22500,12.457418570,12.457419,1828.729594
23000,23000,23000,10.164263065,10.164263,2394.074203
23500,23500,23500,12.094018290,12.094018,2146.164275
24000,24000,24000,13.676782830,13.676783,2021.528041
24500,24500,24500,14.588354686,14.588355,2016.145798
25000,25000,25000,12.344827263,12.344827,2531.424647
25500,25500,25500,12.815944820,12.815945,2587.616478
26000,26000,26000,16.548111712,16.548112,2124.230281
26500,26500,26500,14.235712029,14.235712,2614.498658
27000,27000,27000,17.738285102,17.738285,2219.267521
27500,27500,27500,18.162315523,18.162316,2290.112731
28000,28000,28000,18.713253951,18.713254,2346.144616
28500,28500,28500,25.476205856,25.476206,1817.313389
29000,29000,29000,25.424972264,25.424972,1918.507501
29500,29500,29500,26.209978219,26.209978,1958.977210
30000,30000,30000,28.342738985,28.342739,1905.249878
2000,2000,2000,0.020166829,0.020167,793.382043
2500,2500,2500,0.028181071,0.028181,1108.900368
3000,3000,3000,0.035251149,0.035251,1531.864961
3500,3500,3500,0.046031126,0.046031,1862.869920
4000,4000,4000,0.065186923,0.065187,1963.584015
4500,4500,4500,0.083092071,0.083092,2193.350073
5000,5000,5000,0.102140346,0.102140,2447.612621
5500,5500,5500,0.134164438,0.134164,2480.165422
6000,6000,6000,0.202638801,0.202639,2131.872069
6500,6500,6500,0.297849403,0.297849,1844.052714
7000,7000,7000,0.431371288,0.431371,1590.277376
7500,7500,7500,0.560737408,0.560737,1504.715020
8000,8000,8000,0.698836217,0.698836,1465.293262
8500,8500,8500,0.827883661,0.827884,1483.602175
9000,9000,9000,0.979131821,0.979132,1489.074268
9500,9500,9500,1.138821110,1.138821,1505.723757
10000,10000,10000,1.320158556,1.320159,1514.969540
10500,10500,10500,1.444918725,1.444919,1602.339260
11000,11000,11000,1.642200850,1.642201,1620.995386
11500,11500,11500,1.832854785,1.832855,1659.569555
12000,12000,12000,1.955988213,1.955988,1766.881813
12500,12500,12500,2.318352914,2.318353,1684.924662
13000,13000,13000,2.556273184,2.556273,1718.908616
13500,13500,13500,2.806963512,2.806964,1753.050932
14000,14000,14000,3.039058891,3.039059,1805.822196
14500,14500,14500,2.945225056,2.945225,2070.215309
15000,15000,15000,3.656639327,3.656639,1845.957284
15500,15500,15500,3.933536046,3.933536,1893.398182
16000,16000,16000,5.003426611,5.003427,1637.277937
16500,16500,16500,5.423844023,5.423844,1656.435908
17000,17000,17000,5.933180702,5.933181,1656.110018
17500,17500,17500,6.362244533,6.362245,1684.743481
18000,18000,18000,5.652202656,5.652203,2063.620275
18500,18500,18500,5.980334830,5.980335,2117.481773
19000,19000,19000,7.480496382,7.480496,1833.835524
19500,19500,19500,6.785632069,6.785632,2185.463322
20000,20000,20000,7.263983233,7.263983,2202.648256
20500,20500,20500,9.492295537,9.492296,1815.182632
21000,21000,21000,10.243368867,10.243369,1808.194183
21500,21500,21500,10.791704805,10.791705,1841.854495
22000,22000,22000,14.997586795,14.997587,1419.961777
22500,22500,22500,12.415550477,12.415550,1834.896491
23000,23000,23000,13.150341701,13.150342,1850.446213
23500,23500,23500,12.666989466,12.666989,2049.085939
24000,24000,24000,12.926885062,12.926885,2138.798316
24500,24500,24500,14.261584865,14.261585,2062.340916
25000,25000,25000,12.354323080,12.354323,2529.478936
25500,25500,25500,15.767438424,15.767438,2103.242715
26000,26000,26000,13.623575161,13.623575,2580.233132
26500,26500,26500,20.884504845,20.884505,1782.146633
27000,27000,27000,17.228313874,17.228314,2284.959532
27500,27500,27500,17.667195810,17.667196,2354.292693
28000,28000,28000,24.179214332,24.179214,1815.774466
28500,28500,28500,25.116277719,25.116278,1843.356349
29000,29000,29000,25.347662046,25.347662,1924.358937
29500,29500,29500,27.128432749,27.128433,1892.654488
30000,30000,30000,28.151952347,28.151952,1918.161815
2000,2000,2000,0.020337393,0.020337,786.728171
2500,2500,2500,0.026177478,0.026177,1193.774282
3000,3000,3000,0.038197506,0.038198,1413.704863
3500,3500,3500,0.048879143,0.048879,1754.326994
4000,4000,4000,0.065842637,0.065843,1944.029064
4500,4500,4500,0.086489222,0.086489,2107.198976
5000,5000,5000,0.105389383,0.105389,2372.155457
5500,5500,5500,0.131496020,0.131496,2530.494839
6000,6000,6000,0.196780042,0.196780,2195.344587
6500,6500,6500,0.297744639,0.297745,1844.701560
7000,7000,7000,0.429020488,0.429020,1598.991235
7500,7500,7500,0.540778929,0.540779,1560.249401
8000,8000,8000,0.693461534,0.693462,1476.650037
8500,8500,8500,0.833940285,0.833940,1472.827278
9000,9000,9000,0.979573413,0.979573,1488.402993
9500,9500,9500,1.155039776,1.155040,1484.580908
10000,10000,10000,1.287137696,1.287138,1553.835309
10500,10500,10500,1.430140534,1.430141,1618.896846
11000,11000,11000,1.633462678,1.633463,1629.666864
11500,11500,11500,1.817572042,1.817572,1673.523761
12000,12000,12000,2.093055555,2.093056,1651.174519
12500,12500,12500,2.289251219,2.289251,1706.343964
13000,13000,13000,2.637097517,2.637098,1666.225830
13500,13500,13500,2.835919902,2.835920,1735.151263
14000,14000,14000,3.134091253,3.134091,1751.065798
14500,14500,14500,2.926187814,2.926188,2083.683751
15000,15000,15000,3.645428422,3.645428,1851.634217
15500,15500,15500,3.921819599,3.921820,1899.054715
16000,16000,16000,5.015817550,5.015818,1633.233250
16500,16500,16500,5.467416576,5.467417,1643.234949
17000,17000,17000,5.889435883,5.889436,1668.411066
17500,17500,17500,6.352792793,6.352793,1687.250057
18000,18000,18000,4.801293123,4.801293,2429.345533
18500,18500,18500,5.133014687,5.133015,2467.020021
19000,19000,19000,7.470092423,7.470092,1836.389595
19500,19500,19500,6.866444382,6.866444,2159.742244
20000,20000,20000,7.294826323,7.294826,2193.335289
20500,20500,20500,7.486406547,7.486407,2301.538113
21000,21000,21000,10.268794879,10.268795,1803.717010
21500,21500,21500,10.787755407,10.787755,1842.528798
22000,22000,22000,14.969317377,14.969317,1422.643362
22500,22500,22500,12.467808495,12.467808,1827.205640
23000,23000,23000,13.573154223,13.573154,1792.803618
23500,23500,23500,12.204860969,12.204861,2126.673140
24000,24000,24000,12.665748180,12.665748,2182.895128
24500,24500,24500,14.179840437,14.179840,2074.229970
25000,25000,25000,11.309457409,11.309457,2763.174118
25500,25500,25500,12.867010752,12.867011,2577.346879
26000,26000,26000,16.642636294,16.642636,2112.165367
26500,26500,26500,17.162234795,17.162235,2168.671531
27000,27000,27000,17.647742746,17.647743,2230.653550
27500,27500,27500,18.041359208,18.041359,2305.466541
28000,28000,28000,22.660173273,22.660173,1937.496217
28500,28500,28500,25.566118815,25.566119,1810.922117
29000,29000,29000,25.148910795,25.148911,1939.567101
29500,29500,29500,26.715708392,26.715708,1921.893638
30000,30000,30000,29.492493235,29.492493,1830.974396
2000,2000,2000,0.021696694,0.021697,737.439538
2500,2500,2500,0.027033778,0.027034,1155.961257
3000,3000,3000,0.037879725,0.037880,1425.564732
3500,3500,3500,0.050272067,0.050272,1705.718605
4000,4000,4000,0.067507578,0.067508,1896.083429
4500,4500,4500,0.082120942,0.082121,2219.287743
5000,5000,5000,0.100691418,0.100691,2482.833244
5500,5500,5500,0.130843289,0.130843,2543.118585
6000,6000,6000,0.203470422,0.203470,2123.158716
6500,6500,6500,0.307572750,0.307573,1785.756378
7000,7000,7000,0.423692987,0.423693,1619.096896
7500,7500,7500,0.550906887,0.550907,1531.565533
8000,8000,8000,0.688132004,0.688132,1488.086579
8500,8500,8500,0.839623697,0.839624,1462.857712
9000,9000,9000,0.983788832,0.983789,1482.025362
9500,9500,9500,1.135357822,1.135358,1510.316807
10000,10000,10000,1.317527308,1.317527,1517.995102
10500,10500,10500,1.462348935,1.462349,1583.240460
11000,11000,11000,1.629111258,1.629111,1634.019768
11500,11500,11500,1.829070984,1.829071,1663.002708
12000,12000,12000,2.062620698,2.062621,1675.538311
12500,12500,12500,2.292445400,2.292445,1703.966428
13000,13000,13000,2.601256360,2.601256,1689.183760
13500,13500,13500,2.567559296,2.567559,1916.508806
14000,14000,14000,3.050265823,3.050266,1799.187454
14500,14500,14500,2.923504829,2.923505,2085.596008
15000,15000,15000,3.642504478,3.642504,1853.120577
15500,15500,15500,3.891334679,3.891335,1913.932009
16000,16000,16000,5.025990312,5.025990,1629.927535
16500,16500,16500,5.473312719,5.473313,1641.464769
17000,17000,17000,5.917119253,5.917119,1660.605369
17500,17500,17500,6.296676495,6.296676,1702.286914
18000,18000,18000,5.639920931,5.639921,2068.114100
18500,18500,18500,5.136433792,5.136434,2465.377831
19000,19000,19000,7.503015109,7.503015,1828.331651
19500,19500,19500,6.817617805,6.817618,2175.209938
20000,20000,20000,7.313372603,7.313373,2187.773120
20500,20500,20500,9.517125149,9.517125,1810.446929
21000,21000,21000,10.267853623,10.267854,1803.882358
21500,21500,21500,10.791605113,10.791605,1841.871510
22000,22000,22000,15.124873971,15.124874,1408.011732
22500,22500,22500,11.821782877,11.821783,1927.057047
23000,23000,23000,9.448538556,9.448539,2575.424745
23500,23500,23500,12.272057065,12.272057,2115.028464
24000,24000,24000,13.238922867,13.238923,2088.387422
24500,24500,24500,14.759356532,14.759357,1992.786741
25000,25000,25000,12.417203294,12.417203,2516.669757
25500,25500,25500,12.916638941,12.916639,2567.444221
26000,26000,26000,16.619935703,16.619936,2115.050300
26500,26500,26500,17.277935755,17.277936,2154.149114
27000,27000,27000,17.543983635,17.543984,2243.846142
27500,27500,27500,18.055785067,18.055785,2303.624564
28000,28000,28000,18.630877545,18.630878,2356.518092
28500,28500,28500,25.458334861,25.458335,1818.589089
29000,29000,29000,22.230472389,22.230472,2194.195388
29500,29500,29500,27.295768947,27.295769,1881.051605
30000,30000,30000,29.853580916,29.853581,1808.828232
2000,2000,2000,0.022085324,0.022085,724.462996
2500,2500,2500,0.025868530,0.025869,1208.031535
3000,3000,3000,0.033495356,0.033495,1612.163788
3500,3500,3500,0.050644698,0.050645,1693.168355
4000,4000,4000,0.069144725,0.069145,1851.189661
4500,4500,4500,0.085868067,0.085868,2122.442095
5000,5000,5000,0.103670429,0.103670,2411.488044
5500,5500,5500,0.133147990,0.133148,2499.098935
6000,6000,6000,0.199361201,0.199361,2166.921135
6500,6500,6500,0.297570927,0.297571,1845.778435
7000,7000,7000,0.431997194,0.431997,1587.973277
7500,7500,7500,0.552293317,0.552293,1527.720822
8000,8000,8000,0.683648121,0.683648,1497.846580
8500,8500,8500,0.821332748,0.821333,1495.435319
9000,9000,9000,0.992106471,0.992106,1469.600333
9500,9500,9500,1.131475344,1.131475,1515.499219
10000,10000,10000,1.307582616,1.307583,1529.540065
10500,10500,10500,1.454448455,1.454448,1591.840530
11000,11000,11000,1.594889580,1.594890,1669.081066
11500,11500,11500,1.821620235,1.821620,1669.804684
12000,12000,12000,1.955028935,1.955029,1767.748772
12500,12500,12500,2.320569273,2.320569,1683.315403
13000,13000,13000,2.556418221,2.556418,1718.811094
13500,13500,13500,2.803507897,2.803508,1755.211749
14000,14000,14000,3.090351184,3.090351,1775.849951
14500,14500,14500,2.932920432,2.932920,2078.900584
15000,15000,15000,3.656829443,3.656829,1845.861314
15500,15500,15500,3.950530894,3.950531,1885.252944
16000,16000,16000,5.005154262,5.005154,1636.712791
16500,16500,16500,5.445645584,5.445646,1649.804392
17000,17000,17000,5.892429573,5.892430,1667.563418
17500,17500,17500,6.362182221,6.362182,1684.759981
18000,18000,18000,5.613283923,5.613284,2077.928029
18500,18500,18500,6.007089940,6.007090,2108.050675
19000,19000,19000,7.420140039,7.420140,1848.752170
19500,19500,19500,6.783891861,6.783892,2186.023938
20000,20000,20000,7.308808836,7.308809,2189.139210
20500,20500,20500,9.578012428,9.578012,1798.937946
21000,21000,21000,10.262509121,10.262509,1804.821782
21500,21500,21500,10.815563455,10.815563,1837.791446
22000,22000,22000,14.522238938,14.522239,1466.440546
22500,22500,22500,12.692610567,12.692611,1794.843534
23000,23000,23000,10.118656847,10.118657,2404.864635
23500,23500,23500,12.383430963,12.383431,2096.006355
24000,24000,24000,13.777462605,13.777463,2006.755583
24500,24500,24500,14.844116455,14.844116,1981.407926
25000,25000,25000,12.446678901,12.446679,2510.709905
25500,25500,25500,11.735979235,11.735979,2825.733527
26000,26000,26000,16.590615414,16.590615,2118.788190
26500,26500,26500,17.127019299,17.127019,2173.130616
27000,27000,27000,17.627256276,17.627256,2233.246024
27500,27500,27500,17.849071454,17.849071,2330.303294
28000,28000,28000,24.422951339,24.422951,1797.653338
28500,28500,28500,25.510411070,25.510411,1814.876674
29000,29000,29000,26.095928922,26.095929,1869.180444
29500,29500,29500,26.812847017,26.812847,1914.930927
30000,30000,30000,28.529593801,28.529594,1892.771428
2000,2000,2000,0.020716001,0.020716,772.349837
2500,2500,2500,0.024968998,0.024969,1251.552025
3000,3000,3000,0.037569227,0.037569,1437.346582
3500,3500,3500,0.048082584,0.048083,1783.390011
4000,4000,4000,0.076936498,0.076936,1663.709726
4500,4500,4500,0.080788513,0.080789,2255.890017
5000,5000,5000,0.104264177,0.104264,2397.755463
5500,5500,5500,0.132248162,0.132248,2516.103022
6000,6000,6000,0.200199446,0.200199,2157.848129
6500,6500,6500,0.294304170,0.294304,1866.266455
7000,7000,7000,0.431766021,0.431766,1588.823498
7500,7500,7500,0.552601902,0.552602,1526.867709
8000,8000,8000,0.693498893,0.693499,1476.570490
8500,8500,8500,0.821950951,0.821951,1494.310577
9000,9000,9000,0.978595303,0.978595,1489.890658
9500,9500,9500,1.150851061,1.150851,1489.984289
10000,10000,10000,1.327052246,1.327052,1507.099668
10500,10500,10500,1.466860882,1.466861,1578.370538
11000,11000,11000,1.615123052,1.615123,1648.171634
11500,11500,11500,1.835127590,1.835128,1657.514179
12000,12000,12000,1.981499781,1.981500,1744.133425
12500,12500,12500,2.333532355,2.333532,1673.964362
13000,13000,13000,2.575198593,2.575199,1706.276173
13500,13500,13500,2.807990399,2.807990,1752.409838
14000,14000,14000,3.110304549,3.110305,1764.457439
14500,14500,14500,2.910152990,2.910153,2095.164763
15000,15000,15000,3.997986562,3.997987,1688.349847
15500,15500,15500,3.900621907,3.900622,1909.375012
16000,16000,16000,5.012665732,5.012666,1634.260180
16500,16500,16500,5.463403899,5.463404,1644.441847
17000,17000,17000,5.882975688,5.882976,1670.243176
17500,17500,17500,6.334765340,6.334765,1692.051627
18000,18000,18000,5.621881505,5.621882,2074.750240
18500,18500,18500,5.190162554,5.190163,2439.856145
19000,19000,19000,7.293104309,7.293104,1880.954861
19500,19500,19500,5.880950570,5.880951,2521.658671
20000,20000,20000,7.274006851,7.274007,2199.612996
20500,20500,20500,9.517617548,9.517618,1810.353265
21000,21000,21000,10.239540093,10.239540,1808.870304
21500,21500,21500,10.778924663,10.778925,1844.038308
22000,22000,22000,14.999978038,14.999978,1419.735412
22500,22500,22500,12.628861344,12.628861,1803.903723
23000,23000,23000,9.634325463,9.634325,2525.760635
23500,23500,23500,11.925738226,11.925738,2176.448075
24000,24000,24000,13.299075546,13.299076,2078.941495
24500,24500,24500,14.941382074,14.941382,1968.509329
25000,25000,25000,12.426500953,12.426501,2514.786754
25500,25500,25500,11.760390282,11.760390,2819.868151
26000,26000,26000,16.590559896,16.590560,2118.795280
26500,26500,26500,17.314911589,17.314912,2149.548949
27000,27000,27000,17.651735381,17.651735,2230.149000
27500,27500,27500,18.038863650,18.038864,2305.785487
28000,28000,28000,18.834807224,18.834807,2331.003417
28500,28500,28500,25.069483668,25.069484,1846.797111
29000,29000,29000,24.836541695,24.836542,1963.961030
29500,29500,29500,26.122436434,26.122436,1965.542155
30000,30000,30000,29.475640920,29.475641,1832.021232
2000,2000,2000,0.021815191,0.021815,733.433872
2500,2500,2500,0.027161894,0.027162,1150.508871
3000,3000,3000,0.035441330,0.035441,1523.644852
3500,3500,3500,0.047735442,0.047735,1796.359192
4000,4000,4000,0.066237377,0.066237,1932.443671
4500,4500,4500,0.081484501,0.081485,2236.621661
5000,5000,5000,0.100959796,0.100960,2476.233213
5500,5500,5500,0.135873039,0.135873,2448.977387
6000,6000,6000,0.195767276,0.195767,2206.701798
6500,6500,6500,0.298912676,0.298913,1837.493168
7000,7000,7000,0.428981589,0.428982,1599.136228
7500,7500,7500,0.545331372,0.545331,1547.224391
8000,8000,8000,0.698283080,0.698283,1466.453977
8500,8500,8500,0.841652271,0.841652,1459.331891
9000,9000,9000,1.028436543,1.028437,1417.685914
9500,9500,9500,1.140341241,1.140341,1503.716553
10000,10000,10000,1.328717651,1.328718,1505.210681
10500,10500,10500,1.443919869,1.443920,1603.447705
11000,11000,11000,1.625713774,1.625714,1637.434610
11500,11500,11500,1.887442361,1.887442,1611.572392
12000,12000,12000,2.177752703,2.177753,1586.957048
12500,12500,12500,2.332680638,2.332681,1674.575566
13000,13000,13000,2.598459040,2.598459,1691.002218
13500,13500,13500,2.841115336,2.841115,1731.978261
14000,14000,14000,3.145582521,3.145583,1744.668901
14500,14500,14500,2.926218873,2.926219,2083.661635
15000,15000,15000,3.634646206,3.634646,1857.127109
15500,15500,15500,3.910983771,3.910984,1904.316263
16000,16000,16000,5.006893396,5.006893,1636.144282
16500,16500,16500,5.424391838,5.424392,1656.268623
17000,17000,17000,5.867587181,5.867587,1674.623605
17500,17500,17500,5.284367608,5.284368,2028.388408
18000,18000,18000,5.630112544,5.630113,2071.717023
18500,18500,18500,5.160180732,5.160181,2454.032263
19000,19000,19000,7.461296154,7.461296,1838.554551
19500,19500,19500,6.787261400,6.787261,2184.938685
20000,20000,20000,7.307927486,7.307927,2189.403224
20500,20500,20500,7.187900124,7.187900,2397.118728
21000,21000,21000,10.256522062,10.256522,1805.875314
21500,21500,21500,10.847782603,10.847783,1832.332996
22000,22000,22000,14.563766785,14.563767,1462.259065
22500,22500,22500,12.512517397,12.512517,1820.676789
23000,23000,23000,10.155365920,10.155366,2396.171659
23500,23500,23500,12.963183094,12.963183,2002.266713
24000,24000,24000,14.125715956,14.125716,1957.281322
24500,24500,24500,14.958022068,14.958022,1966.319468
25000,25000,25000,12.365192931,12.365193,2527.255351
25500,25500,25500,11.722973581,11.722974,2828.868441
26000,26000,26000,16.639513528,16.639514,2112.561761
26500,26500,26500,17.195053995,17.195054,2164.532313
27000,27000,27000,17.560461652,17.560462,2241.740609
27500,27500,27500,18.049058206,18.049058,2304.483122
28000,28000,28000,24.265102410,24.265102,1809.347402
28500,28500,28500,25.285067081,25.285067,1831.051104
29000,29000,29000,25.174751970,25.174752,1937.576190
29500,29500,29500,26.610491571,26.610492,1929.492729
30000,30000,30000,29.006843620,29.006844,1861.629645
2000,2000,2000,0.022341445,0.022341,716.157796
2500,2500,2500,0.025430975,0.025431,1228.816434
3000,3000,3000,0.037909357,0.037909,1424.450433
3500,3500,3500,0.050101847,0.050102,1711.513749
4000,4000,4000,0.064800383,0.064800,1975.296967
4500,4500,4500,0.082964276,0.082964,2196.728626
5000,5000,5000,0.101783376,0.101783,2456.196776
5500,5500,5500,0.132409203,0.132409,2513.042843
6000,6000,6000,0.194467868,0.194468,2221.446681
6500,6500,6500,0.286737178,0.286737,1915.517213
7000,7000,7000,0.417111293,0.417111,1644.644994
7500,7500,7500,0.550187881,0.550188,1533.567040
8000,8000,8000,0.704987030,0.704987,1452.508992
8500,8500,8500,0.829226886,0.829227,1481.198959
9000,9000,9000,0.992741772,0.992742,1468.659868
9500,9500,9500,1.149361726,1.149362,1491.915000
10000,10000,10000,1.265558839,1.265559,1580.329526
10500,10500,10500,1.443213551,1.443214,1604.232443
11000,11000,11000,1.633206265,1.633206,1629.922721
11500,11500,11500,1.850120925,1.850121,1644.081724
12000,12000,12000,1.998051681,1.998052,1729.684989
12500,12500,12500,2.332288123,2.332288,1674.857391
13000,13000,13000,2.569305609,2.569306,1710.189704
13500,13500,13500,2.855884947,2.855885,1723.021092
14000,14000,14000,3.156623988,3.156624,1738.566272
14500,14500,14500,3.344803800,3.344804,1822.902139
15000,15000,15000,3.632446596,3.632447,1858.251683
15500,15500,15500,3.920886742,3.920887,1899.506538
16000,16000,16000,4.983542076,4.983542,1643.810742
16500,16500,16500,5.460204359,5.460204,1645.405448
17000,17000,17000,5.913829960,5.913830,1661.529003
17500,17500,17500,5.278186199,5.278186,2030.763902
18000,18000,18000,5.612716714,5.612717,2078.138020
18500,18500,18500,5.998722483,5.998722,2110.991138
19000,19000,19000,7.425260277,7.425260,1847.477326
19500,19500,19500,5.897702828,5.897703,2514.495971
20000,20000,20000,7.308828042,7.308828,2189.133457
20500,20500,20500,9.508934602,9.508935,1812.006363
21000,21000,21000,10.274739973,10.274740,1802.673357
21500,21500,21500,10.799238619,10.799239,1840.569572
22000,22000,22000,14.988402131,14.988402,1420.831908
22500,22500,22500,9.528959654,9.528960,2390.738426
23000,23000,23000,10.184122938,10.184123,2389.405563
23500,23500,23500,12.913681336,12.913681,2009.941962
24000,24000,24000,13.106915261,13.106915,2109.420825
24500,24500,24500,14.910791016,14.910791,1972.547933
25000,25000,25000,12.422121500,12.422121,2515.673349
25500,25500,25500,12.902470354,12.902470,2570.263608
26000,26000,26000,16.614978702,16.614979,2115.681316
26500,26500,26500,17.132326291,17.132326,2172.457457
27000,27000,27000,17.535993269,17.535993,2244.868562
27500,27500,27500,17.934804100,17.934804,2319.163888
28000,28000,28000,24.299019039,24.299019,1806.821910
28500,28500,28500,25.299643745,25.299644,1829.996124
29000,29000,29000,25.754144590,25.754145,1893.986416
29500,29500,29500,26.893720771,26.893721,1909.172421
30000,30000,30000,28.436114386,28.436114,1898.993627
2000,2000,2000,0.019811703,0.019812,807.603465
2500,2500,2500,0.027650516,0.027651,1130.177824
3000,3000,3000,0.033754236,0.033754,1599.799207
3500,3500,3500,0.046920357,0.046920,1827.564952
4000,4000,4000,0.064080246,0.064080,1997.495453
4500,4500,4500,0.082593541,0.082594,2206.589012
5000,5000,5000,0.106070722,0.106071,2356.918057
5500,5500,5500,0.134073927,0.134074,2481.839739
6000,6000,6000,0.200400409,0.200400,2155.684223
6500,6500,6500,0.289206765,0.289207,1899.160277
7000,7000,7000,0.424383495,0.424383,1616.462488
7500,7500,7500,0.552812045,0.552812,1526.287294
8000,8000,8000,0.696638368,0.696638,1469.916167
8500,8500,8500,0.824472734,0.824473,1489.739987
9000,9000,9000,0.995057946,0.995058,1465.241302
9500,9500,9500,1.153158613,1.153159,1487.002725
10000,10000,10000,1.344962734,1.344963,1487.030049
10500,10500,10500,1.442595817,1.442596,1604.919391
11000,11000,11000,1.643061367,1.643061,1620.146425
11500,11500,11500,1.819066647,1.819067,1672.148739
12000,12000,12000,1.957961241,1.957961,1765.101335
12500,12500,12500,2.315371123,2.315371,1687.094549
13000,13000,13000,2.576229397,2.576229,1705.593456
13500,13500,13500,2.848194065,2.848194,1727.673708
14000,14000,14000,3.127893100,3.127893,1754.535665
14500,14500,14500,3.353447393,3.353447,1818.203564
15000,15000,15000,3.645304317,3.645304,1851.697256
15500,15500,15500,3.899292100,3.899292,1910.026181
16000,16000,16000,4.998833059,4.998833,1638.782472
16500,16500,16500,5.442551287,5.442551,1650.742368
17000,17000,17000,5.887576773,5.887577,1668.937897
17500,17500,17500,6.379831795,6.379832,1680.099154
18000,18000,18000,5.601064924,5.601065,2082.461132
18500,18500,18500,6.030170759,6.030171,2099.981992
19000,19000,19000,7.484113321,7.484113,1832.949264
19500,19500,19500,8.547444754,8.547445,1734.992203
20000,20000,20000,7.304071028,7.304071,2190.559202
20500,20500,20500,9.464264756,9.464265,1820.558749
21000,21000,21000,10.282487671,10.282488,1801.315070
21500,21500,21500,10.766600068,10.766600,1846.149191
22000,22000,22000,14.152805281,14.152805,1504.719353
22500,22500,22500,12.370502967,12.370503,1841.578314
23000,23000,23000,10.157540393,10.157540,2395.658699
23500,23500,23500,12.623342624,12.623343,2056.170919
24000,24000,24000,13.822629793,13.822630,2000.198256
24500,24500,24500,14.995956636,14.995957,1961.345362
25000,25000,25000,12.380539670,12.380540,2524.122602
25500,25500,25500,12.297579668,12.297580,2696.689177
26000,26000,26000,13.036533592,13.036534,2696.422308
26500,26500,26500,17.192821932,17.192822,2164.813324
27000,27000,27000,17.419359193,17.419359,2259.899435
27500,27500,27500,22.839609268,22.839609,1821.123536
28000,28000,28000,23.021442616,23.021443,1907.091607
28500,28500,28500,25.280305914,25.280306,1831.395955
29000,29000,29000,26.580909041,26.580909,1835.076442
29500,29500,29500,23.934667556,23.934668,2145.204226
30000,30000,30000,28.110983693,28.110984,1920.957324
2000,2000,2000,0.021840760,0.021841,732.575240
2500,2500,2500,0.028114786,0.028115,1111.514774
3000,3000,3000,0.034890061,0.034890,1547.718704
3500,3500,3500,0.051691765,0.051692,1658.871582
4000,4000,4000,0.067676284,0.067676,1891.356801
4500,4500,4500,0.081593340,0.081593,2233.638187
5000,5000,5000,0.102056642,0.102057,2449.620085
5500,5500,5500,0.129207725,0.129208,2575.310416
6000,6000,6000,0.199653311,0.199653,2163.750743
6500,6500,6500,0.297196910,0.297197,1848.101314
7000,7000,7000,0.426687115,0.426687,1607.735448
7500,7500,7500,0.552197847,0.552198,1527.984951
8000,8000,8000,0.699609241,0.699609,1463.674206
8500,8500,8500,0.840289373,0.840289,1461.698838
9000,9000,9000,1.000006509,1.000007,1457.990510
9500,9500,9500,1.146544982,1.146545,1495.580223
10000,10000,10000,1.342537331,1.342537,1489.716490
10500,10500,10500,1.466752313,1.466752,1578.487369
11000,11000,11000,1.635522255,1.635522,1627.614661
11500,11500,11500,1.847914525,1.847915,1646.044749
12000,12000,12000,1.989109023,1.989109,1737.461326
12500,12500,12500,2.333328890,2.333329,1674.110331
13000,13000,13000,2.604884193,2.604884,1686.831227
13500,13500,13500,2.806999981,2.807000,1753.028156
14000,14000,14000,3.132449656,3.132450,1751.983464
14500,14500,14500,2.925086394,2.925086,2084.468347
15000,15000,15000,3.678719359,3.678719,1834.877668
15500,15500,15500,3.932619705,3.932620,1893.839364
16000,16000,16000,4.985758711,4.985759,1643.079915
16500,16500,16500,5.473704372,5.473704,1641.347320
17000,17000,17000,5.880517433,5.880517,1670.941395
17500,17500,17500,6.284293732,6.284294,1705.641152
18000,18000,18000,5.635694501,5.635695,2069.665060
18500,18500,18500,6.021640677,6.021641,2102.956765
19000,19000,19000,7.368698866,7.368699,1861.658381
19500,19500,19500,6.793109731,6.793110,2183.057626
20000,20000,20000,7.325104508,7.325105,2184.269178
20500,20500,20500,9.481030255,9.481030,1817.339417
21000,21000,21000,10.228882359,10.228882,1810.755012
21500,21500,21500,11.049088667,11.049089,1798.949271
22000,22000,22000,14.811181257,14.811181,1437.832650
22500,22500,22500,12.510660880,12.510661,1820.946968
23000,23000,23000,13.308449026,13.308449,1828.462502
23500,23500,23500,12.614218422,12.614218,2057.658202
24000,24000,24000,13.973407054,13.973407,1978.615515
24500,24500,24500,14.701737133,14.701737,2000.596918
25000,25000,25000,12.371958911,12.371959,2525.873245
25500,25500,25500,12.645330109,12.645330,2622.529401
26000,26000,26000,16.536837932,16.536838,2125.678449
26500,26500,26500,19.236275249,19.236275,1934.847028
27000,27000,27000,17.302841202,17.302841,2275.117684
27500,27500,27500,17.876949061,17.876949,2326.669381
28000,28000,28000,24.313407235,24.313407,1805.752669
28500,28500,28500,25.270959308,25.270959,1832.073307
29000,29000,29000,27.032994392,27.032994,1804.387605
29500,29500,29500,26.598525701,26.598526,1930.360749
30000,30000,30000,28.755033659,28.755034,1877.932074
